[
  {
    "name": "Jon Doe",
    "phone": "+1234567890",
    "paytm_link": "paytm://1234567890",
    "country": "USA",
    "age": "30",
    "email": "john.doe@example.com"
  },
  {
    "name": "J. Doe",
    "phone": "+1987654321",
    "paytm_link": "paytm://1234567890",
    "country": "USA",
    "age": "30",
    "email": "john.doe@example.com"
  },
  {
    "name": "Doe, John",
    "phone": "+1234567890",
    "paytm_link": "paytm://1234567890",
    "country": "Canada",
    "age": "30",
    "email": "john.doe@example.com"
  },
  {
    "name": "John  Doe",
    "phone": "+1234567890",
    "paytm_link": "paytm://1234567891",
    "country": "USA",
    "age": "30",
    "email": "john.doe@example.com"
  },
  {
    "name": "John D",
    "phone": "+1234567890",
    "paytm_link": "paytm://1234567890",
    "country": "USA",
    "age": "35",
    "email": "johndoe@example.com"
  }
]